{"stats":{"minecraft:mined":{"minecraft:dead_bush":1},"minecraft:picked_up":{"minecraft:stick":3,"minecraft:cooked_beef":1,"minecraft:netherite_sword":1},"minecraft:custom":{"minecraft:jump":26,"minecraft:time_since_rest":17479,"minecraft:damage_dealt":30,"minecraft:crouch_one_cm":82,"minecraft:leave_game":1,"minecraft:sprint_one_cm":4480,"minecraft:play_time":17479,"minecraft:time_since_death":17479,"minecraft:walk_one_cm":2350,"minecraft:sneak_time":146,"minecraft:total_world_time":17479,"minecraft:drop":4,"minecraft:fly_one_cm":75191},"minecraft:dropped":{"minecraft:netherite_sword":2,"minecraft:cooked_beef":65}},"DataVersion":3700}