{"stats":{"minecraft:used":{"minecraft:netherite_sword":2,"minecraft:crafting_table":1,"minecraft:cooked_beef":2},"minecraft:mined":{"minecraft:oak_log":6,"minecraft:coarse_dirt":2,"minecraft:dead_bush":9},"minecraft:picked_up":{"minecraft:coarse_dirt":2,"minecraft:stick":9,"minecraft:cooked_beef":64,"minecraft:netherite_sword":1,"minecraft:oak_log":6},"minecraft:custom":{"minecraft:time_since_rest":4419,"minecraft:damage_taken":265,"minecraft:play_time":5312,"minecraft:crouch_one_cm":2486,"minecraft:deaths":1,"minecraft:sprint_one_cm":10243,"minecraft:walk_one_cm":25092,"minecraft:sneak_time":646,"minecraft:mob_kills":2,"minecraft:jump":130,"minecraft:damage_dealt":365,"minecraft:leave_game":1,"minecraft:time_since_death":4379,"minecraft:total_world_time":5312,"minecraft:interact_with_crafting_table":3,"minecraft:fall_one_cm":2383,"minecraft:fly_one_cm":12942},"minecraft:killed_by":{"minecraft:zombie":1},"minecraft:crafted":{"minecraft:oak_planks":24,"minecraft:crafting_table":1,"minecraft:wooden_pickaxe":1},"minecraft:killed":{"minecraft:spider":1}},"DataVersion":3700}